Title,Year,Imdb_rating,Votes,Genres,Director,Casts,Box_office,Runtime
The Shawshank Redemption,1994,9.3,3.1M,"['Epic', 'Period Drama', 'Prison Drama', 'Drama']",['Frank Darabont'],"['Tim Robbins', 'Morgan Freeman', 'Bob Gunton']","$29,334,033",2 hours 22 minutes
The Godfather,1972,9.2,2.1M,"['Epic', 'Gangster', 'Tragedy', 'Crime', 'Drama']",['Francis Ford Coppola'],"['Marlon Brando', 'Al Pacino', 'James Caan']","$250,342,198",2 hours 55 minutes
The Dark Knight,2008,9.1,3.1M,"['Action Epic', 'Epic', 'Superhero', 'Tragedy', 'Action', 'Crime', 'Drama', 'Thriller']",['Christopher Nolan'],"['Christian Bale', 'Heath Ledger', 'Aaron Eckhart']","$1,009,057,329",2 hours 32 minutes
The Godfather Part II,1974,9.0,1.4M,"['Epic', 'Gangster', 'Tragedy', 'Crime', 'Drama']",['Francis Ford Coppola'],"['Al Pacino', 'Robert De Niro', 'Robert Duvall']","$47,983,687",3 hours 22 minutes
12 Angry Men,1957,9.0,939K,"['Legal Drama', 'Psychological Drama', 'Crime', 'Drama']",['Sidney Lumet'],"['Henry Fonda', 'Lee J. Cobb', 'Martin Balsam']","$2,945",1 hour 36 minutes
The Lord of the Rings: The Return of the King,2003,9.0,2.1M,"['Action Epic', 'Adventure Epic', 'Epic', 'Fantasy Epic', 'Mountain Adventure', 'Quest', 'Sword & Sorcery', 'Tragedy', 'Adventure', 'Drama']",['Peter Jackson'],"['Elijah Wood', 'Viggo Mortensen', 'Ian McKellen']","$1,138,585,547",3 hours 21 minutes
Schindler's List,1993,9.0,1.5M,"['Docudrama', 'Epic', 'Historical Epic', 'Period Drama', 'Prison Drama', 'Tragedy', 'Biography', 'Drama', 'History']",['Steven Spielberg'],"['Liam Neeson', 'Ralph Fiennes', 'Ben Kingsley']","$322,161,245",3 hours 15 minutes
Pulp Fiction,1994,8.8,2.4M,"['Dark Comedy', 'Drug Crime', 'Gangster', 'Crime', 'Drama']",['Quentin Tarantino'],"['John Travolta', 'Uma Thurman', 'Samuel L. Jackson']","$213,928,762",2 hours 34 minutes
The Lord of the Rings: The Fellowship of the Ring,2001,8.9,2.1M,"['Action Epic', 'Adventure Epic', 'Dark Fantasy', 'Epic', 'Fantasy Epic', 'Quest', 'Sword & Sorcery', 'Adventure', 'Drama', 'Fantasy']",['Peter Jackson'],"['Elijah Wood', 'Ian McKellen', 'Orlando Bloom']","$888,483,037",2 hours 58 minutes
"Il buono, il brutto, il cattivo",1966,8.8,863K,"['Action Epic', 'Adventure Epic', 'Dark Comedy', 'Desert Adventure', 'Epic', 'Period Drama', 'Quest', 'Spaghetti Western', 'Western Epic', 'Adventure']",['Sergio Leone'],"['Clint Eastwood', 'Eli Wallach', 'Lee Van Cleef']","$25,266,106",2 hours 41 minutes
Forrest Gump,1994,8.8,2.4M,"['Epic', 'Drama', 'Romance']",['Robert Zemeckis'],"['Tom Hanks', 'Robin Wright', 'Gary Sinise']","$678,226,465",2 hours 22 minutes
The Lord of the Rings: The Two Towers,2002,8.8,1.9M,"['Action Epic', 'Adventure Epic', 'Dark Fantasy', 'Epic', 'Fantasy Epic', 'Quest', 'Sword & Sorcery', 'Adventure', 'Drama', 'Fantasy']",['Peter Jackson'],"['Elijah Wood', 'Ian McKellen', 'Viggo Mortensen']","$938,532,865",2 hours 59 minutes
Fight Club,1999,8.8,2.5M,"['Dark Comedy', 'Psychological Drama', 'Psychological Thriller', 'Workplace Drama', 'Crime', 'Drama', 'Thriller']",['David Fincher'],"['Brad Pitt', 'Edward Norton', 'Meat Loaf']","$101,321,009",2 hours 19 minutes
Inception,2010,8.8,2.7M,"['Action Epic', 'Adventure Epic', 'Epic', 'Psychological Thriller', 'Sci-Fi Epic', 'Action', 'Adventure', 'Sci-Fi', 'Thriller']",['Christopher Nolan'],"['Leonardo DiCaprio', 'Joseph Gordon-Levitt', 'Elliot Page']","$839,381,898",2 hours 28 minutes
Star Wars: Episode V - The Empire Strikes Back,1980,8.7,1.5M,"['Action Epic', 'Adventure Epic', 'Dark Fantasy', 'Dystopian Sci-Fi', 'Epic', 'Fantasy Epic', 'Quest', 'Sci-Fi Epic', 'Space Sci-Fi', 'Sword & Sorcery']",['Irvin Kershner'],"['Mark Hamill', 'Harrison Ford', 'Carrie Fisher']","$550,016,086",2 hours 4 minutes
The Matrix,1999,8.7,2.2M,"['Action Epic', 'Artificial Intelligence', 'Cyberpunk', 'Dystopian Sci-Fi', 'Gun Fu', 'Martial Arts', 'Sci-Fi Epic', 'Action', 'Sci-Fi']",['Lana WachowskiLilly Wachowski'],"['Keanu Reeves', 'Laurence Fishburne', 'Carrie-Anne Moss']","$467,841,735",2 hours 16 minutes
GoodFellas,1990,8.7,1.3M,"['Docudrama', 'Gangster', 'True Crime', 'Biography', 'Crime', 'Drama']",['Martin Scorsese'],"['Robert De Niro', 'Ray Liotta', 'Joe Pesci']","$47,068,004",2 hours 25 minutes
Interstellar,2014,8.7,2.4M,"['Adventure Epic', 'Epic', 'Psychological Drama', 'Quest', 'Sci-Fi Epic', 'Space Sci-Fi', 'Time Travel', 'Adventure', 'Drama', 'Sci-Fi']",['Christopher Nolan'],"['Matthew McConaughey', 'Anne Hathaway', 'Jessica Chastain']","$758,690,230","2 hours, 49 minutes"
One Flew Over the Cuckoo's Nest,1975,8.7,1.1M,"['Medical Drama', 'Psychological Drama', 'Drama']",['Milos Forman'],"['Jack Nicholson', 'Louise Fletcher', 'Michael Berryman']","$109,116,594",2 hours 13 minutes
Se7en,1995,8.6,1.9M,"['Cop Drama', 'Hard-boiled Detective', 'Police Procedural', 'Psychological Drama', 'Psychological Thriller', 'Serial Killer', 'Tragedy', 'Crime', 'Drama', 'Mystery']",['David Fincher'],"['Morgan Freeman', 'Brad Pitt', 'Kevin Spacey']","$328,983,304",2 hours 7 minutes
It's a Wonderful Life,1946,8.6,532K,"['Feel-Good Romance', 'Holiday Family', 'Holiday Romance', 'Psychological Drama', 'Supernatural Fantasy', 'Drama', 'Family', 'Fantasy', 'Holiday', 'Romance']",['Frank Capra'],"['James Stewart', 'Donna Reed', 'Lionel Barrymore']","$10,635,987",2 hours 10 minutes
The Silence of the Lambs,1991,8.6,1.7M,"['Police Procedural', 'Psychological Drama', 'Psychological Horror', 'Psychological Thriller', 'Serial Killer', 'Crime', 'Drama', 'Horror', 'Thriller']",['Jonathan Demme'],"['Jodie Foster', 'Anthony Hopkins', 'Scott Glenn']","$272,742,922",1 hour 58 minutes
Shichinin no samurai,1954,8.6,389K,"['Action Epic', 'Epic', 'Period Drama', 'Samurai', 'Action', 'Drama']",['Akira Kurosawa'],"['Toshirô Mifune', 'Takashi Shimura', 'Keiko Tsushima']","$1,082,148",3 hours 27 minutes
Saving Private Ryan,1998,8.6,1.6M,"['Epic', 'Period Drama', 'War Epic', 'Drama', 'War']",['Steven Spielberg'],"['Tom Hanks', 'Matt Damon', 'Tom Sizemore']","$482,352,390",2 hours 49 minutes
The Green Mile,1999,8.6,1.5M,"['Period Drama', 'Prison Drama', 'Supernatural Fantasy', 'Tragedy', 'Crime', 'Drama', 'Fantasy', 'Mystery']",['Frank Darabont'],"['Tom Hanks', 'Michael Clarke Duncan', 'David Morse']","$286,801,374",3 hours 9 minutes
Cidade de Deus,2002,8.6,844K,"['Caper', 'Coming-of-Age', 'Gangster', 'Crime', 'Drama']",['Fernando MeirellesKátia Lund'],"['Alexandre Rodrigues', 'Leandro Firmino', 'Matheus Nachtergaele']","$30,681,033",2 hours 10 minutes
La vita è bella,1997,8.6,785K,"['Period Drama', 'Psychological Drama', 'Romantic Comedy', 'Tragedy', 'Tragic Romance', 'Comedy', 'Drama', 'Romance', 'War']",['Roberto Benigni'],"['Roberto Benigni', 'Nicoletta Braschi', 'Giorgio Cantarini']","$230,099,013",1 hour 56 minutes
Terminator 2: Judgment Day,1991,8.6,1.2M,"['Action Epic', 'Artificial Intelligence', 'Cyberpunk', 'Dystopian Sci-Fi', 'Sci-Fi Epic', 'Time Travel', 'Action', 'Adventure', 'Sci-Fi']",['James Cameron'],"['Arnold Schwarzenegger', 'Linda Hamilton', 'Edward Furlong']","$517,778,573",2 hours 17 minutes
Star Wars,1977,8.6,1.5M,"['Action Epic', 'Adventure Epic', 'Dystopian Sci-Fi', 'Epic', 'Fantasy Epic', 'Quest', 'Sci-Fi Epic', 'Space Sci-Fi', 'Sword & Sorcery', 'Action']",['George Lucas'],"['Mark Hamill', 'Harrison Ford', 'Carrie Fisher']","$775,398,507",2 hours 1 minute
Back to the Future,1985,8.5,1.4M,"['High-Concept Comedy', 'Teen Adventure', 'Teen Comedy', 'Time Travel', 'Urban Adventure', 'Adventure', 'Comedy', 'Sci-Fi']",['Robert Zemeckis'],"['Michael J. Fox', 'Christopher Lloyd', 'Lea Thompson']","$385,053,307",1 hour 56 minutes
Sen to Chihiro no kamikakushi,2001,8.6,922K,"['Anime', 'Coming-of-Age', 'Fairy Tale', 'Hand-Drawn Animation', 'Quest', 'Supernatural Fantasy', 'Adventure', 'Animation', 'Family', 'Fantasy']",['Hayao Miyazaki'],"['Daveigh Chase', 'Suzanne Pleshette', 'Miyu Irino']","$359,598,456",2 hours 4 minutes
The Pianist,2002,8.5,977K,"['Docudrama', 'Epic', 'Period Drama', 'Tragedy', 'War Epic', 'Biography', 'Drama', 'Music', 'War']",['Roman Polanski'],"['Adrien Brody', 'Thomas Kretschmann', 'Frank Finlay']","$120,098,945",2 hours 30 minutes
Gladiator,2000,8.5,1.8M,"['Action Epic', 'Adventure Epic', 'Epic', 'Period Drama', 'Sword & Sandal', 'Action', 'Adventure', 'Drama']",['Ridley Scott'],"['Russell Crowe', 'Joaquin Phoenix', 'Connie Nielsen']","$465,516,248",2 hours 35 minutes
Gisaengchung,2019,8.5,1.1M,"['Dark Comedy', 'Psychological Drama', 'Psychological Thriller', 'Tragedy', 'Drama', 'Thriller']",['Bong Joon Ho'],"['Song Kang-ho', 'Lee Sun-kyun', 'Cho Yeo-jeong']","$262,616,458",2 hours 12 minutes
Psycho,1960,8.5,759K,"['Dark Comedy', 'Psychological Horror', 'Psychological Thriller', 'Slasher Horror', 'Suspense Mystery', 'Drama', 'Horror', 'Mystery', 'Thriller']",['Alfred Hitchcock'],"['Anthony Perkins', 'Janet Leigh', 'Vera Miles']","$32,253,778",1 hour 49 minutes
The Lion King,1994,8.5,1.2M,"['Animal Adventure', 'Coming-of-Age', 'Hand-Drawn Animation', 'Jungle Adventure', 'Adventure', 'Animation', 'Drama', 'Family', 'Musical']",['Roger AllersRob Minkoff'],"['Matthew Broderick', 'Jeremy Irons', 'James Earl Jones']","$979,161,373",1 hour 28 minutes
Hotaru no haka,1988,8.5,356K,"['Adult Animation', 'Anime', 'Hand-Drawn Animation', 'Period Drama', 'Tragedy', 'Animation', 'Drama', 'War']",['Isao Takahata'],"['Tsutomu Tatsumi', 'Ayano Shiraishi', 'Akemi Yamaguchi']","$842,132",1 hour 28 minutes
The Departed,2006,8.5,1.5M,"['Cop Drama', 'Epic', 'Gangster', 'Crime', 'Drama', 'Thriller']",['Martin Scorsese'],"['Leonardo DiCaprio', 'Matt Damon', 'Jack Nicholson']","$291,481,358",2 hours 31 minutes
Whiplash,2014,8.5,1.1M,"['Psychological Drama', 'Drama', 'Music']",['Damien Chazelle'],"['Miles Teller', 'J.K. Simmons', 'Melissa Benoist']","$50,360,880",1 hour 46 minutes
Seppuku,1962,8.6,82K,"['Period Drama', 'Drama', 'Mystery']",['Masaki Kobayashi'],"['Tatsuya Nakadai', 'Akira Ishihama', 'Shima Iwashita']","$15,222",2 hours 13 minutes
The Prestige,2006,8.5,1.5M,"['Period Drama', 'Steampunk', 'Tragedy', 'Drama', 'Mystery', 'Sci-Fi', 'Thriller']",['Christopher Nolan'],"['Christian Bale', 'Hugh Jackman', 'Scarlett Johansson']","$109,676,311",2 hours 10 minutes
American History X,1998,8.5,1.2M,"['Prison Drama', 'Psychological Drama', 'Tragedy', 'Crime', 'Drama']",['Tony Kaye'],"['Edward Norton', 'Edward Furlong', ""Beverly D'Angelo""]","$23,875,714",1 hour 59 minutes
Léon,1994,8.5,1.3M,"['Gangster', 'One-Person Army Action', 'Action', 'Crime', 'Drama', 'Thriller']",['Luc Besson'],"['Jean Reno', 'Gary Oldman', 'Natalie Portman']","$20,330,788",1 hour 50 minutes
Spider-Man: Across the Spider-Verse,2023,8.5,470K,"['Computer Animation', 'Superhero', 'Supernatural Fantasy', 'Teen Adventure', 'Urban Adventure', 'Action', 'Adventure', 'Animation', 'Family', 'Fantasy']",['Joaquim Dos SantosKemp PowersJustin K. Thompson'],"['Shameik Moore', 'Hailee Steinfeld', 'Brian Tyree Henry']","$690,824,738",2 hours 20 minutes
Casablanca,1942,8.5,637K,"['Psychological Drama', 'Drama', 'Romance', 'War']",['Michael Curtiz'],"['Humphrey Bogart', 'Ingrid Bergman', 'Paul Henreid']","$4,731,471",1 hour 42 minutes
Nuovo Cinema Paradiso,1988,8.5,305K,"['Coming-of-Age', 'Drama', 'Romance']",['Giuseppe Tornatore'],"['Philippe Noiret', 'Enzo Cannavale', 'Antonella Attili']","$13,472,833",2 hours 54 minutes
The Usual Suspects,1995,8.5,1.2M,"['Caper', 'Gangster', 'Heist', 'Psychological Drama', 'Psychological Thriller', 'Suspense Mystery', 'Whodunnit', 'Crime', 'Drama', 'Mystery']",['Bryan Singer'],"['Kevin Spacey', 'Gabriel Byrne', 'Chazz Palminteri']","$23,342,724",1 hour 46 minutes
Intouchables,2011,8.5,988K,"['Buddy Comedy', 'Docudrama', 'Comedy', 'Drama']",['Olivier NakacheÉric Toledano'],"['François Cluzet', 'Omar Sy', 'Anne Le Ny']","$426,590,315",1 hour 52 minutes
Alien,1979,8.5,1M,"['Alien Invasion', 'Body Horror', 'Cyberpunk', 'Monster Horror', 'Space Sci-Fi', 'Tragedy', 'Horror', 'Sci-Fi']",['Ridley Scott'],"['Sigourney Weaver', 'Tom Skerritt', 'John Hurt']","$109,102,567",1 hour 57 minutes
Modern Times,1936,8.5,275K,"['Romantic Comedy', 'Satire', 'Slapstick', 'Comedy', 'Drama', 'Romance']",['Charles Chaplin'],"['Charles Chaplin', 'Paulette Goddard', 'Henry Bergman']","$463,618",1 hour 27 minutes
Rear Window,1954,8.5,552K,"['Psychological Thriller', 'Suspense Mystery', 'Drama', 'Mystery', 'Thriller']",['Alfred Hitchcock'],"['James Stewart', 'Grace Kelly', 'Wendell Corey']","$37,905,475",1 hour 52 minutes
C'era una volta il West,1968,8.5,372K,"['Adventure Epic', 'Desert Adventure', 'Epic', 'Period Drama', 'Quest', 'Spaghetti Western', 'Western Epic', 'Drama', 'Western']",['Sergio Leone'],"['Henry Fonda', 'Charles Bronson', 'Claudia Cardinale']","$5,435,312",2 hours 46 minutes
Django Unchained,2012,8.5,1.8M,"['Dark Comedy', 'Epic', 'One-Person Army Action', 'Period Drama', 'Western Epic', 'Drama', 'Western']",['Quentin Tarantino'],"['Jamie Foxx', 'Christoph Waltz', 'Leonardo DiCaprio']","$426,076,293",2 hours 45 minutes
City Lights,1931,8.5,209K,"['Feel-Good Romance', 'Romantic Comedy', 'Satire', 'Slapstick', 'Comedy', 'Drama', 'Romance']",['Charles Chaplin'],"['Charles Chaplin', 'Virginia Cherrill', 'Florence Lee']","$55,154",1 hour 27 minutes
Apocalypse Now,1979,8.4,748K,"['Adventure Epic', 'Epic', 'Hard-boiled Detective', 'Psychological Drama', 'Quest', 'Suspense Mystery', 'War Epic', 'Drama', 'Mystery', 'War']",['Francis Ford Coppola'],"['Martin Sheen', 'Marlon Brando', 'Robert Duvall']","$105,150,841",2 hours 27 minutes
WALL·E,2008,8.4,1.3M,"['Adventure Epic', 'Artificial Intelligence', 'Computer Animation', 'Dystopian Sci-Fi', 'Psychological Drama', 'Space Sci-Fi', 'Adventure', 'Animation', 'Family', 'Sci-Fi']",['Andrew Stanton'],"['Ben Burtt', 'Elissa Knight', 'Jeff Garlin']","$527,403,656",1 hour 38 minutes
Memento,2000,8.4,1.4M,"['Psychological Thriller', 'Suspense Mystery', 'Drama', 'Mystery', 'Thriller']",['Christopher Nolan'],"['Guy Pearce', 'Carrie-Anne Moss', 'Joe Pantoliano']","$40,060,108",1 hour 53 minutes
Dune: Part Two,2024,8.5,652K,"['Action Epic', 'Desert Adventure', 'Epic', 'Sci-Fi Epic', 'Space Sci-Fi', 'Action', 'Adventure', 'Drama', 'Sci-Fi']",['Denis Villeneuve'],"['Timothée Chalamet', 'Zendaya', 'Rebecca Ferguson']","$714,844,358",2 hours 46 minutes
Raiders of the Lost Ark,1981,8.4,1.1M,"['Adventure Epic', 'Desert Adventure', 'Globetrotting Adventure', 'Quest', 'Action', 'Adventure']",['Steven Spielberg'],"['Harrison Ford', 'Karen Allen', 'Paul Freeman']","$389,925,971",1 hour 55 minutes
Avengers: Infinity War,2018,8.4,1.3M,"['Space Sci-Fi', 'Superhero', 'Action', 'Adventure', 'Sci-Fi']",['Anthony RussoJoe Russo'],"['Robert Downey Jr.', 'Chris Hemsworth', 'Mark Ruffalo']","$2,052,415,039",2 hours 29 minutes
Das Leben der Anderen,2006,8.4,431K,"['Political Thriller', 'Psychological Drama', 'Spy', 'Drama', 'Mystery', 'Thriller']",['Florian Henckel von Donnersmarck'],"['Ulrich Mühe', 'Martina Gedeck', 'Sebastian Koch']","$77,672,685",2 hours 17 minutes
Sunset Blvd.,1950,8.4,251K,"['Dark Comedy', 'Film Noir', 'Psychological Drama', 'Showbiz Drama', 'Tragedy', 'Drama']",['Billy Wilder'],"['William Holden', 'Gloria Swanson', 'Erich von Stroheim']","$310,954",1 hour 50 minutes
Spider-Man: Into the Spider-Verse,2018,8.4,743K,"['Coming-of-Age', 'Computer Animation', 'Quirky Comedy', 'Superhero', 'Supernatural Fantasy', 'Teen Adventure', 'Teen Comedy', 'Teen Drama', 'Urban Adventure', 'Action']",['Bob PersichettiPeter RamseyRodney Rothman'],"['Shameik Moore', 'Jake Johnson', 'Hailee Steinfeld']","$393,602,435",1 hour 57 minutes
Witness for the Prosecution,1957,8.4,152K,"['Legal Drama', 'Legal Thriller', 'Whodunnit', 'Crime', 'Drama', 'Mystery', 'Thriller']",['Billy Wilder'],"['Tyrone Power', 'Marlene Dietrich', 'Charles Laughton']","$7,903",1 hour 56 minutes
Paths of Glory,1957,8.4,228K,"['Epic', 'Legal Drama', 'Period Drama', 'Political Drama', 'Psychological Drama', 'Tragedy', 'War Epic', 'Drama', 'War']",['Stanley Kubrick'],"['Kirk Douglas', 'Ralph Meeker', 'Adolphe Menjou']","$8,290",1 hour 28 minutes
The Shining,1980,8.4,1.2M,"['Psychological Drama', 'Psychological Horror', 'Supernatural Horror', 'Drama', 'Horror']",['Stanley Kubrick'],"['Jack Nicholson', 'Shelley Duvall', 'Danny Lloyd']","$47,979,668",2 hours 26 minutes
The Great Dictator,1940,8.4,251K,"['Dark Comedy', 'Parody', 'Political Drama', 'Satire', 'Slapstick', 'Comedy', 'Drama', 'War']",['Charles Chaplin'],"['Charles Chaplin', 'Paulette Goddard', 'Jack Oakie']","$972,212",2 hours 5 minutes
12th Fail,2023,8.7,153K,"['Docudrama', 'Biography', 'Drama']",['Vidhu Vinod Chopra'],"['Vikrant Massey', 'Medha Shankr', 'Anant Joshi']","$138,288",2 hours 27 minutes
Inglourious Basterds,2009,8.4,1.7M,"['Dark Comedy', 'Period Drama', 'Adventure', 'Drama', 'War']",['Quentin Tarantino'],"['Brad Pitt', 'Diane Kruger', 'Eli Roth']","$321,460,744",2 hours 33 minutes
Aliens,1986,8.4,815K,"['Alien Invasion', 'Cyberpunk', 'Monster Horror', 'Space Sci-Fi', 'Survival', 'Tragedy', 'Action', 'Adventure', 'Horror', 'Sci-Fi']",['James Cameron'],"['Sigourney Weaver', 'Michael Biehn', 'Carrie Henn']","$131,060,248",2 hours 17 minutes
The Dark Knight Rises,2012,8.4,1.9M,"['Action Epic', 'Epic', 'Superhero', 'Action', 'Crime', 'Drama', 'Thriller']",['Christopher Nolan'],"['Christian Bale', 'Tom Hardy', 'Anne Hathaway']","$1,114,976,407",2 hours 44 minutes
Coco,2017,8.4,661K,"['Computer Animation', 'Dark Comedy', 'Supernatural Fantasy', 'Adventure', 'Animation', 'Drama', 'Family', 'Fantasy', 'Music', 'Mystery']",['Lee UnkrichAdrian Molina'],"['Anthony Gonzalez', 'Gael García Bernal', 'Benjamin Bratt']","$814,641,172",1 hour 45 minutes
Amadeus,1984,8.4,452K,"['Costume Drama', 'Epic', 'Period Drama', 'Tragedy', 'Biography', 'Drama', 'Music']",['Milos Forman'],"['F. Murray Abraham', 'Tom Hulce', 'Elizabeth Berridge']","$52,205,710",2 hours 40 minutes
Avengers: Endgame,2019,8.4,1.4M,"['Space Sci-Fi', 'Superhero', 'Time Travel', 'Tragedy', 'Action', 'Adventure', 'Sci-Fi']",['Anthony RussoJoe Russo'],"['Robert Downey Jr.', 'Chris Evans', 'Mark Ruffalo']","$2,799,439,100",3 hours 1 minute
Toy Story,1995,8.3,1.1M,"['Buddy Comedy', 'Computer Animation', 'Supernatural Fantasy', 'Urban Adventure', 'Adventure', 'Animation', 'Comedy', 'Family', 'Fantasy']",['John Lasseter'],"['Tom Hanks', 'Tim Allen', 'Don Rickles']","$394,436,586",1 hour 21 minutes
Good Will Hunting,1997,8.3,1.2M,"['Coming-of-Age', 'Psychological Drama', 'Drama', 'Romance']",['Gus Van Sant'],"['Robin Williams', 'Matt Damon', 'Ben Affleck']","$225,933,435",2 hours 6 minutes
Dr. Strangelove or: How I Learned to Stop Worrying and Love the Bomb,1964,8.3,541K,"['Dark Comedy', 'Farce', 'Political Drama', 'Quirky Comedy', 'Satire', 'Tragedy', 'Comedy', 'War']",['Stanley Kubrick'],"['Peter Sellers', 'George C. Scott', 'Sterling Hayden']","$9,631,984",1 hour 35 minutes
Oldeuboi,2003,8.3,687K,"['Dark Comedy', 'One-Person Army Action', 'Psychological Drama', 'Psychological Thriller', 'Action', 'Drama', 'Mystery', 'Thriller']",['Park Chan-wook'],"['Choi Min-sik', 'Yoo Ji-tae', 'Kang Hye-jeong']","$17,617,021",2 hours
Tengoku to jigoku,1963,8.4,62K,"['Police Procedural', 'Crime', 'Drama', 'Mystery', 'Thriller']",['Akira Kurosawa'],"['Toshirô Mifune', 'Yutaka Sada', 'Tatsuya Nakadai']","$64,503",2 hours 23 minutes
Das Boot,1981,8.4,281K,"['Epic', 'War Epic', 'Drama', 'War']",['Wolfgang Petersen'],"['Jürgen Prochnow', 'Herbert Grönemeyer', 'Klaus Wennemann']","$11,489,051",2 hours 29 minutes
Braveheart,1995,8.3,1.1M,"['Action Epic', 'Costume Drama', 'Epic', 'Period Drama', 'War Epic', 'Biography', 'Drama', 'War']",['Mel Gibson'],"['Mel Gibson', 'Sophie Marceau', 'Patrick McGoohan']","$213,216,216",2 hours 58 minutes
American Beauty,1999,8.3,1.3M,"['Psychological Drama', 'Tragedy', 'Drama']",['Sam Mendes'],"['Kevin Spacey', 'Annette Bening', 'Thora Birch']","$356,296,601",2 hours 2 minutes
Mononoke-hime,1997,8.3,465K,"['Action Epic', 'Adult Animation', 'Adventure Epic', 'Anime', 'Dark Fantasy', 'Fantasy Epic', 'Hand-Drawn Animation', 'Quest', 'Adventure', 'Animation']",['Hayao Miyazaki'],"['Yôji Matsuda', 'Yuriko Ishida', 'Yûko Tanaka']","$177,645,887",2 hours 13 minutes
Kimi no na wa.,2016,8.4,365K,"['Anime', 'Hand-Drawn Animation', 'Psychological Drama', 'Shōjo', 'Animation', 'Drama', 'Fantasy', 'Romance']",['Makoto Shinkai'],"['Ryûnosuke Kamiki', 'Mone Kamishiraishi', 'Ryo Narita']","$405,340,703",1 hour 46 minutes
3 Idiots,2009,8.4,464K,"['Buddy Comedy', 'Coming-of-Age', 'Quirky Comedy', 'Satire', 'Comedy', 'Drama']",['Rajkumar Hirani'],"['Aamir Khan', 'Madhavan', 'Mona Singh']","$60,262,836",2 hours 50 minutes
Joker,2019,8.3,1.6M,"['Psychological Drama', 'Psychological Thriller', 'Tragedy', 'Crime', 'Drama', 'Thriller']",['Todd Phillips'],"['Joaquin Phoenix', 'Robert De Niro', 'Zazie Beetz']","$1,078,958,629",2 hours 2 minutes
Capharnaüm,2018,8.4,118K,"['Coming-of-Age', 'Legal Drama', 'Psychological Drama', 'Drama']",['Nadine Labaki'],"['Zain Al Rafeea', 'Yordanos Shiferaw', 'Boluwatife Treasure Bankole']","$64,417,003",2 hours 6 minutes
Once Upon a Time in America,1984,8.3,398K,"['Dark Comedy', 'Epic', 'Gangster', 'Period Drama', 'Crime', 'Drama']",['Sergio Leone'],"['Robert De Niro', 'James Woods', 'Elizabeth McGovern']","$5,476,126",3 hours 49 minutes
Singin' in the Rain,1952,8.3,275K,"['Classic Musical', 'Feel-Good Romance', 'Jukebox Musical', 'Romantic Comedy', 'Satire', 'Comedy', 'Musical', 'Romance']",['Stanley DonenGene Kelly'],"['Gene Kelly', ""Donald O'Connor"", 'Debbie Reynolds']","$2,096,442",1 hour 43 minutes
Idi i smotri,1985,8.3,115K,"['Epic', 'Period Drama', 'Psychological Drama', 'Tragedy', 'War Epic', 'Drama', 'Thriller', 'War']",['Elem Klimov'],"['Aleksey Kravchenko', 'Olga Mironova', 'Liubomiras Laucevicius']","$20,929,648",2 hours 22 minutes
Requiem for a Dream,2000,8.3,946K,"['Psychological Drama', 'Tragedy', 'Drama']",['Darren Aronofsky'],"['Ellen Burstyn', 'Jared Leto', 'Jennifer Connelly']","$7,391,471",1 hour 42 minutes
Star Wars: Episode VI - Return of the Jedi,1983,8.3,1.2M,"['Action Epic', 'Adventure Epic', 'Dark Fantasy', 'Dystopian Sci-Fi', 'Epic', 'Fantasy Epic', 'Globetrotting Adventure', 'Quest', 'Sci-Fi Epic', 'Space Sci-Fi']",['Richard Marquand'],"['Mark Hamill', 'Harrison Ford', 'Carrie Fisher']","$482,466,382",2 hours 11 minutes
Toy Story 3,2010,8.3,939K,"['Computer Animation', 'Supernatural Fantasy', 'Urban Adventure', 'Adventure', 'Animation', 'Comedy', 'Family', 'Fantasy']",['Lee Unkrich'],"['Tom Hanks', 'Tim Allen', 'Joan Cusack']","$1,067,316,101","1 hour, 43 minutes"
Jagten,2012,8.3,392K,"['Psychological Drama', 'Tragedy', 'Drama']",['Thomas Vinterberg'],"['Mads Mikkelsen', 'Thomas Bo Larsen', 'Annika Wedderkopp']","$15,886,373",1 hour 55 minutes
Ikiru,1952,8.3,98K,"['Psychological Drama', 'Tragedy', 'Drama']",['Akira Kurosawa'],"['Takashi Shimura', 'Nobuo Kaneko', ""Shin'ichi Himori""]","$114,026",2 hours 23 minutes
Eternal Sunshine of the Spotless Mind,2004,8.3,1.1M,"['Dark Romance', 'Psychological Drama', 'Drama', 'Romance', 'Sci-Fi']",['Michel Gondry'],"['Jim Carrey', 'Kate Winslet', 'Tom Wilkinson']","$73,423,193",1 hour 48 minutes
Incendies,2010,8.3,233K,"['Suspense Mystery', 'Drama', 'Mystery', 'War']",['Denis Villeneuve'],"['Lubna Azabal', 'Mélissa Désormeaux-Poulin', 'Maxim Gaudette']","$6,804,715",2 hours 11 minutes
The Apartment,1960,8.3,211K,"['Dark Comedy', 'Farce', 'Feel-Good Romance', 'Holiday Comedy', 'Holiday Romance', 'Quirky Comedy', 'Romantic Comedy', 'Satire', 'Workplace Drama', 'Comedy']",['Billy Wilder'],"['Jack Lemmon', 'Shirley MacLaine', 'Fred MacMurray']","$18,783,770",2 hours 5 minutes
2001: A Space Odyssey,1968,8.3,759K,"['Adventure Epic', 'Artificial Intelligence', 'Epic', 'Psychological Drama', 'Sci-Fi Epic', 'Space Sci-Fi', 'Adventure', 'Sci-Fi']",['Stanley Kubrick'],"['Keir Dullea', 'Gary Lockwood', 'William Sylvester']","$66,905,221",2 hours 29 minutes
Lawrence of Arabia,1962,8.3,332K,"['Adventure Epic', 'Desert Adventure', 'Epic', 'Tragedy', 'War Epic', 'Adventure', 'Biography', 'Drama', 'War']",['David Lean'],"[""Peter O'Toole"", 'Alec Guinness', 'Anthony Quinn']","$45,875,753",3 hours 47 minutes
Reservoir Dogs,1992,8.3,1.1M,"['Gangster', 'Heist', 'Crime', 'Thriller']",['Quentin Tarantino'],"['Harvey Keitel', 'Tim Roth', 'Michael Madsen']","$2,932,006",1 hour 39 minutes
Scarface,1983,8.3,977K,"['Drug Crime', 'Epic', 'Gangster', 'Tragedy', 'Crime', 'Drama']",['Brian De Palma'],"['Al Pacino', 'Michelle Pfeiffer', 'Steven Bauer']","$66,443,303",2 hours 50 minutes
Heat,1995,8.3,767K,"['Action Epic', 'Cop Drama', 'Epic', 'Gangster', 'Heist', 'Action', 'Crime', 'Drama']",['Michael Mann'],"['Al Pacino', 'Robert De Niro', 'Val Kilmer']","$187,436,818",2 hours 50 minutes
Double Indemnity,1944,8.3,176K,"['Film Noir', 'Hard-boiled Detective', 'Crime', 'Drama', 'Mystery', 'Thriller']",['Billy Wilder'],"['Fred MacMurray', 'Barbara Stanwyck', 'Edward G. Robinson']","$21,026",1 hour 47 minutes
North by Northwest,1959,8.3,363K,"['Spy', 'Adventure', 'Drama', 'Mystery', 'Thriller']",['Alfred Hitchcock'],"['Cary Grant', 'Eva Marie Saint', 'James Mason']","$197,920",2 hours 16 minutes
Up,2009,8.3,1.2M,"['Buddy Comedy', 'Coming-of-Age', 'Computer Animation', 'Globetrotting Adventure', 'Quest', 'Adventure', 'Animation', 'Comedy', 'Drama', 'Family']",['Pete DocterBob Peterson'],"['Edward Asner', 'Jordan Nagai', 'John Ratzenberger']","$735,103,954",1 hour 36 minutes
M - Eine Stadt sucht einen Mörder,1931,8.3,178K,"['Psychological Thriller', 'Serial Killer', 'Suspense Mystery', 'Crime', 'Mystery', 'Thriller']",['Fritz Lang'],"['Peter Lorre', 'Ellen Widmann', 'Inge Landgut']","$35,566",1 hour 57 minutes
Citizen Kane,1941,8.3,485K,"['Epic', 'Period Drama', 'Tragedy', 'Drama', 'Mystery']",['Orson Welles'],"['Orson Welles', 'Joseph Cotten', 'Dorothy Comingore']","$1,711,106",1 hour 59 minutes
Full Metal Jacket,1987,8.2,828K,"['Dark Comedy', 'Period Drama', 'Psychological Drama', 'Drama', 'War']",['Stanley Kubrick'],"['Matthew Modine', 'R. Lee Ermey', ""Vincent D'Onofrio""]","$50,193,748",1 hour 56 minutes
Vertigo,1958,8.2,449K,"['Psychological Thriller', 'Suspense Mystery', 'Tragedy', 'Mystery', 'Romance', 'Thriller']",['Alfred Hitchcock'],"['James Stewart', 'Kim Novak', 'Barbara Bel Geddes']","$7,974,114",2 hours 8 minutes
Le fabuleux destin d'Amélie Poulain,2001,8.3,823K,"['Feel-Good Romance', 'Quirky Comedy', 'Romantic Comedy', 'Comedy', 'Romance']",['Jean-Pierre Jeunet'],"['Audrey Tautou', 'Mathieu Kassovitz', 'Rufus']","$175,183,052",2 hours 2 minutes
Taare Zameen Par,2007,8.3,222K,"['Coming-of-Age', 'Drama', 'Family']",['Aamir Khan'],"['Darsheel Safary', 'Aamir Khan', 'Tisca Chopra']","$21,897,373",2 hours 42 minutes
Jodaeiye Nader az Simin,2011,8.3,271K,"['Legal Drama', 'Psychological Drama', 'Drama']",['Asghar Farhadi'],"['Payman Maadi', 'Leila Hatami', 'Sareh Bayat']","$22,926,076",2 hours 3 minutes
To Kill a Mockingbird,1962,8.3,345K,"['Legal Drama', 'Period Drama', 'Crime', 'Drama']",['Robert Mulligan'],"['Gregory Peck', 'John Megna', 'Frank Overton']","$602,810",2 hours 9 minutes
Die Hard,1988,8.2,997K,"['Disaster', 'One-Person Army Action', 'Action', 'Holiday', 'Thriller']",['John McTiernan'],"['Bruce Willis', 'Alan Rickman', 'Bonnie Bedelia']","$143,651,650",2 hours 12 minutes
Indiana Jones and the Last Crusade,1989,8.2,844K,"['Adventure Epic', 'Desert Adventure', 'Globetrotting Adventure', 'Quest', 'Action', 'Adventure']",['Steven Spielberg'],"['Harrison Ford', 'Sean Connery', 'Alison Doody']","$474,171,806",2 hours 7 minutes
The Sting,1973,8.2,292K,"['Caper', 'Comedy', 'Crime', 'Drama']",['George Roy Hill'],"['Paul Newman', 'Robert Redford', 'Robert Shaw']","$156,000,000",2 hours 9 minutes
A Clockwork Orange,1971,8.2,917K,"['Dark Comedy', 'Dystopian Sci-Fi', 'Crime', 'Sci-Fi']",['Stanley Kubrick'],"['Malcolm McDowell', 'Patrick Magee', 'Michael Bates']","$27,034,174",2 hours 16 minutes
Hababam Sinifi: Sinifta Kaldi,1975,8.7,28K,"['Satire', 'Comedy']",['Ertem Egilmez'],"['Münir Özkul', 'Tarik Akan', 'Kemal Sunal']",,1 hour 35 minutes
Metropolis,1927,8.3,196K,"['Dystopian Sci-Fi', 'Epic', 'Sci-Fi Epic', 'Steampunk', 'Drama', 'Sci-Fi']",['Fritz Lang'],"['Brigitte Helm', 'Alfred Abel', 'Gustav Fröhlich']","$1,353,679",2 hours 33 minutes
Oppenheimer,2023,8.3,917K,"['Docudrama', 'Epic', 'Historical Epic', 'Period Drama', 'Psychological Drama', 'Biography', 'Drama', 'History']",['Christopher Nolan'],"['Cillian Murphy', 'Emily Blunt', 'Matt Damon']","$975,811,333",3 hours
Snatch,2000,8.2,952K,"['Caper', 'Dark Comedy', 'Gangster', 'Comedy', 'Crime']",['Guy Ritchie'],"['Jason Statham', 'Brad Pitt', 'Stephen Graham']","$83,558,617",1 hour 44 minutes
1917,2019,8.2,737K,"['Epic', 'Period Drama', 'War Epic', 'Action', 'Drama', 'War']",['Sam Mendes'],"['Dean-Charles Chapman', 'George MacKay', 'Daniel Mays']","$446,064,352",1 hour 59 minutes
L.A. Confidential,1997,8.2,645K,"['Conspiracy Thriller', 'Cop Drama', 'Hard-boiled Detective', 'Period Drama', 'Police Procedural', 'Suspense Mystery', 'Whodunnit', 'Crime', 'Drama', 'Mystery']",['Curtis Hanson'],"['Kevin Spacey', 'Russell Crowe', 'Guy Pearce']","$126,216,940",2 hours 18 minutes
Ladri di biciclette,1948,8.2,187K,"['Psychological Drama', 'Quest', 'Tragedy', 'Drama', 'Financial Drama']",['Vittorio De Sica'],"['Lamberto Maggiorani', 'Enzo Staiola', 'Lianella Carell']","$451,643",1 hour 29 minutes
Der Untergang,2004,8.2,391K,"['Docudrama', 'Political Drama', 'Tragedy', 'Biography', 'Drama', 'History', 'War']",['Oliver Hirschbiegel'],"['Bruno Ganz', 'Alexandra Maria Lara', 'Ulrich Matthes']","$92,181,574",2 hours 36 minutes
Dangal,2016,8.3,229K,"['Coming-of-Age', 'Martial Arts', 'Action', 'Biography', 'Drama', 'Sport']",['Nitesh Tiwari'],"['Aamir Khan', 'Sakshi Tanwar', 'Fatima Sana Shaikh']","$303,726,694",2 hours 41 minutes
The Wolf of Wall Street,2013,8.2,1.7M,"['Dark Comedy', 'Docudrama', 'Epic', 'Raunchy Comedy', 'Satire', 'True Crime', 'Biography', 'Comedy', 'Crime', 'Drama']",['Martin Scorsese'],"['Leonardo DiCaprio', 'Jonah Hill', 'Margot Robbie']","$407,039,432",3 hours
Hamilton,2020,8.3,130K,"['Epic', 'Historical Epic', 'Biography', 'Drama', 'History', 'Musical']",['Thomas Kail'],"['Lin-Manuel Miranda', 'Phillipa Soo', 'Leslie Odom Jr.']",,2 hours 40 minutes
Green Book,2018,8.2,646K,"['Docudrama', 'Period Drama', 'Road Trip', 'Biography', 'Comedy', 'Drama', 'Holiday', 'Music']",['Peter Farrelly'],"['Viggo Mortensen', 'Mahershala Ali', 'Linda Cardellini']","$321,752,656",2 hours 10 minutes
Taxi Driver,1976,8.2,989K,"['Psychological Drama', 'Crime', 'Drama']",['Martin Scorsese'],"['Robert De Niro', 'Jodie Foster', 'Cybill Shepherd']","$28,737,520",1 hour 54 minutes
The Truman Show,1998,8.2,1.3M,"['Dark Comedy', 'High-Concept Comedy', 'Psychological Drama', 'Satire', 'Showbiz Drama', 'Comedy', 'Drama']",['Peter Weir'],"['Jim Carrey', 'Ed Harris', 'Laura Linney']","$264,118,712",1 hour 43 minutes
Batman Begins,2005,8.2,1.7M,"['Action Epic', 'Epic', 'Superhero', 'Tragedy', 'Action', 'Crime', 'Drama', 'Thriller']",['Christopher Nolan'],"['Christian Bale', 'Michael Caine', 'Ken Watanabe']","$375,406,308",2 hours 20 minutes
Per qualche dollaro in più,1965,8.2,292K,"['One-Person Army Action', 'Period Drama', 'Quest', 'Spaghetti Western', 'Drama', 'Western']",['Sergio Leone'],"['Clint Eastwood', 'Lee Van Cleef', 'Gian Maria Volontè']","$15,000,000",2 hours 12 minutes
Judgment at Nuremberg,1961,8.3,93K,"['Legal Drama', 'Drama', 'War']",['Stanley Kramer'],"['Spencer Tracy', 'Burt Lancaster', 'Richard Widmark']","$12,180",2 hours 59 minutes
Some Like It Hot,1959,8.2,297K,"['Buddy Comedy', 'Farce', 'Romantic Comedy', 'Satire', 'Screwball Comedy', 'Comedy', 'Music', 'Romance']",['Billy Wilder'],"['Marilyn Monroe', 'Tony Curtis', 'Jack Lemmon']","$208,786",2 hours 1 minute
Shutter Island,2010,8.2,1.6M,"['Psychological Thriller', 'Suspense Mystery', 'Drama', 'Mystery', 'Thriller']",['Martin Scorsese'],"['Leonardo DiCaprio', 'Emily Mortimer', 'Mark Ruffalo']","$294,978,537",2 hours 18 minutes
The Kid,1921,8.2,142K,"['Buddy Comedy', 'Farce', 'Slapstick', 'Comedy', 'Drama', 'Family']",['Charles Chaplin'],"['Charles Chaplin', 'Edna Purviance', 'Jackie Coogan']","$44,115",1 hour 8 minutes
The Father,2020,8.2,217K,"['Psychological Drama', 'Drama', 'Mystery']",['Florian Zeller'],"['Anthony Hopkins', 'Olivia Colman', 'Mark Gatiss']","$24,048,935",1 hour 37 minutes
Jurassic Park,1993,8.2,1.1M,"['Dinosaur Adventure', 'Jungle Adventure', 'Action', 'Adventure', 'Sci-Fi', 'Thriller']",['Steven Spielberg'],"['Sam Neill', 'Laura Dern', 'Jeff Goldblum']","$1,104,379,926",2 hours 7 minutes
All About Eve,1950,8.2,146K,"['Showbiz Drama', 'Drama']",['Joseph L. Mankiewicz'],"['Bette Davis', 'Anne Baxter', 'George Sanders']","$156,938",2 hours 18 minutes
There Will Be Blood,2007,8.2,678K,"['Epic', 'Period Drama', 'Psychological Drama', 'Tragedy', 'Drama']",['Paul Thomas Anderson'],"['Daniel Day-Lewis', 'Paul Dano', 'Ciarán Hinds']","$76,430,381",2 hours 38 minutes
The Sixth Sense,1999,8.2,1.1M,"['Psychological Drama', 'Psychological Thriller', 'Suspense Mystery', 'Drama', 'Mystery', 'Thriller']",['M. Night Shyamalan'],"['Bruce Willis', 'Haley Joel Osment', 'Toni Collette']","$672,806,432",1 hour 47 minutes
Ran,1985,8.2,146K,"['Epic', 'Period Drama', 'Samurai', 'Tragedy', 'War Epic', 'Action', 'Drama', 'War']",['Akira Kurosawa'],"['Tatsuya Nakadai', 'Akira Terao', 'Jinpachi Nezu']","$4,385,618",2 hours 40 minutes
Casino,1995,8.2,598K,"['Docudrama', 'Epic', 'Gangster', 'True Crime', 'Crime', 'Drama']",['Martin Scorsese'],"['Robert De Niro', 'Sharon Stone', 'Joe Pesci']","$116,112,375",2 hours 58 minutes
Top Gun: Maverick,2022,8.2,793K,"['Action Epic', 'Epic', 'Action', 'Drama']",['Joseph Kosinski'],"['Tom Cruise', 'Jennifer Connelly', 'Miles Teller']","$1,495,696,292",2 hours 10 minutes
No Country for Old Men,2007,8.2,1.1M,"['Contemporary Western', 'Psychological Thriller', 'Serial Killer', 'Crime', 'Drama', 'Thriller']",['Ethan CoenJoel Coen'],"['Tommy Lee Jones', 'Javier Bardem', 'Josh Brolin']","$171,632,777",2 hours 2 minutes
The Thing,1982,8.2,504K,"['Alien Invasion', 'Body Horror', 'Monster Horror', 'Psychological Horror', 'Supernatural Horror', 'Suspense Mystery', 'Tragedy', 'Horror', 'Mystery', 'Sci-Fi']",['John Carpenter'],"['Kurt Russell', 'Wilford Brimley', 'Keith David']","$20,843,060",1 hour 49 minutes
Unforgiven,1992,8.2,458K,"['Period Drama', 'Tragedy', 'Drama', 'Western']",['Clint Eastwood'],"['Clint Eastwood', 'Gene Hackman', 'Morgan Freeman']","$159,167,799",2 hours 10 minutes
El laberinto del fauno,2006,8.2,729K,"['Coming-of-Age', 'Dark Fantasy', 'Fairy Tale', 'Period Drama', 'Supernatural Fantasy', 'Teen Fantasy', 'Tragedy', 'Drama', 'Fantasy', 'War']",['Guillermo del Toro'],"['Ivana Baquero', 'Ariadna Gil', 'Sergi López']","$83,863,565",1 hour 58 minutes
Kill Bill: Vol. 1,2003,8.2,1.3M,"['Kung Fu', 'Martial Arts', 'One-Person Army Action', 'Action', 'Crime', 'Thriller']",['Quentin Tarantino'],"['Uma Thurman', 'David Carradine', 'Daryl Hannah']","$180,908,413",1 hour 51 minutes
A Beautiful Mind,2001,8.2,1M,"['Docudrama', 'Period Drama', 'Psychological Drama', 'Biography', 'Drama', 'Mystery']",['Ron Howard'],"['Russell Crowe', 'Ed Harris', 'Jennifer Connelly']","$316,791,257",2 hours 15 minutes
Prisoners,2013,8.2,885K,"['Psychological Thriller', 'Suspense Mystery', 'Crime', 'Drama', 'Mystery', 'Thriller']",['Denis Villeneuve'],"['Hugh Jackman', 'Jake Gyllenhaal', 'Viola Davis']","$122,127,446",2 hours 33 minutes
The Treasure of the Sierra Madre,1948,8.2,138K,"['Tragedy', 'Adventure', 'Drama', 'Western']",['John Huston'],"['Humphrey Bogart', 'Walter Huston', 'Tim Holt']","$5,014,000",2 hours 6 minutes
La meglio gioventù,2003,8.5,26K,"['Epic', 'Drama', 'Romance']",['Marco Tullio Giordana'],"['Luigi Lo Cascio', 'Alessio Boni', 'Jasmine Trinca']","$2,799,773",6 hours 14 minutes
Yôjinbô,1961,8.2,139K,"['One-Person Army Action', 'Period Drama', 'Samurai', 'Action', 'Drama', 'Thriller']",['Akira Kurosawa'],"['Toshirô Mifune', 'Eijirô Tôno', 'Tatsuya Nakadai']","$68,196",1 hour 50 minutes
Finding Nemo,2003,8.2,1.2M,"['Animal Adventure', 'Buddy Comedy', 'Computer Animation', 'Quest', 'Sea Adventure', 'Adventure', 'Animation', 'Comedy', 'Family']",['Andrew StantonLee Unkrich'],"['Albert Brooks', 'Ellen DeGeneres', 'Alexander Gould']","$941,637,960",1 hour 40 minutes
Hauru no ugoku shiro,2004,8.2,489K,"['Adventure Epic', 'Anime', 'Hand-Drawn Animation', 'Supernatural Fantasy', 'Adventure', 'Animation', 'Family', 'Fantasy']",['Hayao Miyazaki'],"['Chieko Baishô', 'Takuya Kimura', 'Tatsuya Gashûin']","$241,531,791",1 hour 59 minutes
The Great Escape,1963,8.2,271K,"['Epic', 'Period Drama', 'Prison Drama', 'War Epic', 'Adventure', 'Drama', 'Thriller', 'War']",['John Sturges'],"['Steve McQueen', 'James Garner', 'Richard Attenborough']","$230,637",2 hours 52 minutes
Monty Python and the Holy Grail,1975,8.2,592K,"['Farce', 'Parody', 'Quest', 'Satire', 'Sketch Comedy', 'Slapstick', 'Sword & Sorcery', 'Adventure', 'Comedy', 'Fantasy']",['Terry GilliamTerry Jones'],"['Graham Chapman', 'John Cleese', 'Eric Idle']","$2,932,905",1 hour 31 minutes
The Elephant Man,1980,8.2,275K,"['Docudrama', 'Period Drama', 'Tragedy', 'Biography', 'Drama']",['David Lynch'],"['Anthony Hopkins', 'John Hurt', 'Anne Bancroft']","$26,034,325",2 hours 4 minutes
Dial M for Murder,1954,8.2,200K,"['Crime', 'Drama', 'Mystery', 'Thriller']",['Alfred Hitchcock'],"['Ray Milland', 'Grace Kelly', 'Robert Cummings']","$45,313",1 hour 45 minutes
Klaus,2019,8.2,218K,"['Hand-Drawn Animation', 'Holiday Animation', 'Holiday Comedy', 'Holiday Family', 'Adventure', 'Animation', 'Comedy', 'Family', 'Fantasy', 'Holiday']",['Sergio PablosCarlos Martínez López'],"['Jason Schwartzman', 'J.K. Simmons', 'Rashida Jones']",,1 hour 36 minutes
Gone with the Wind,1939,8.2,349K,"['Costume Drama', 'Epic', 'Period Drama', 'Romantic Epic', 'Tragic Romance', 'War Epic', 'Drama', 'Romance', 'War']",['Victor Fleming'],"['Clark Gable', 'Vivien Leigh', 'Thomas Mitchell']","$402,382,193",3 hours 58 minutes
El secreto de sus ojos,2009,8.2,235K,"['Dark Romance', 'Erotic Thriller', 'Legal Thriller', 'Period Drama', 'Psychological Drama', 'Psychological Thriller', 'Suspense Mystery', 'Tragedy', 'Whodunnit', 'Drama']",['Juan José Campanella'],"['Ricardo Darín', 'Soledad Villamil', 'Pablo Rago']","$35,079,650",2 hours 9 minutes
Chinatown,1974,8.1,368K,"['Conspiracy Thriller', 'Hard-boiled Detective', 'Psychological Drama', 'Psychological Thriller', 'Tragedy', 'Drama', 'Mystery', 'Thriller']",['Roman Polanski'],"['Jack Nicholson', 'Faye Dunaway', 'John Huston']","$29,232,347",2 hours 10 minutes
"Lock, Stock and Two Smoking Barrels",1998,8.1,638K,"['Dark Comedy', 'Farce', 'Gangster', 'Heist', 'Comedy', 'Crime']",['Guy Ritchie'],"['Jason Flemyng', 'Dexter Fletcher', 'Nick Moran']","$3,753,929",1 hour 47 minutes
Rashômon,1950,8.1,191K,"['Period Drama', 'Crime', 'Drama', 'Mystery']",['Akira Kurosawa'],"['Toshirô Mifune', 'Machiko Kyô', 'Masayuki Mori']","$139,819",1 hour 28 minutes
V for Vendetta,2005,8.1,1.2M,"['Dystopian Sci-Fi', 'Political Thriller', 'Superhero', 'Action', 'Drama', 'Sci-Fi', 'Thriller']",['James McTeigue'],"['Hugo Weaving', 'Natalie Portman', 'Rupert Graves']","$134,686,457",2 hours 12 minutes
Inside Out,2015,8.1,877K,"['Coming-of-Age', 'Computer Animation', 'Farce', 'Psychological Drama', 'Adventure', 'Animation', 'Comedy', 'Drama', 'Family', 'Fantasy']",['Pete DocterRonnie Del Carmen'],"['Amy Poehler', 'Bill Hader', 'Lewis Black']","$859,076,254",1 hour 35 minutes
"Three Billboards Outside Ebbing, Missouri",2017,8.1,588K,"['Dark Comedy', 'Satire', 'Comedy', 'Crime', 'Drama']",['Martin McDonagh'],"['Frances McDormand', 'Woody Harrelson', 'Sam Rockwell']","$162,729,321",1 hour 55 minutes
Catch Me If You Can,2002,8.1,1.2M,"['Caper', 'Coming-of-Age', 'Docudrama', 'Globetrotting Adventure', 'Period Drama', 'True Crime', 'Biography', 'Crime', 'Drama']",['Steven Spielberg'],"['Leonardo DiCaprio', 'Tom Hanks', 'Christopher Walken']","$352,114,312",2 hours 21 minutes
Trainspotting,1996,8.1,754K,"['Dark Comedy', 'Drug Crime', 'Psychological Drama', 'Crime', 'Drama']",['Danny Boyle'],"['Ewan McGregor', 'Ewen Bremner', 'Jonny Lee Miller']","$16,992,984",1 hour 33 minutes
The Bridge on the River Kwai,1957,8.1,244K,"['Jungle Adventure', 'War Epic', 'Adventure', 'Drama', 'War']",['David Lean'],"['William Holden', 'Alec Guinness', 'Jack Hawkins']","$27,201,366",2 hours 41 minutes
Raging Bull,1980,8.1,398K,"['Boxing', 'Docudrama', 'Period Drama', 'Biography', 'Drama', 'Sport']",['Martin Scorsese'],"['Robert De Niro', 'Cathy Moriarty', 'Joe Pesci']","$23,406,558",2 hours 9 minutes
The Wild Robot,2024,8.2,189K,"['Animal Adventure', 'Artificial Intelligence', 'Computer Animation', 'Survival', 'Adventure', 'Animation', 'Family', 'Sci-Fi']",['Chris Sanders'],"[""Lupita Nyong'o"", 'Pedro Pascal', 'Kit Connor']","$334,537,187",1 hour 42 minutes
Harry Potter and the Deathly Hallows: Part 2,2011,8.1,1M,"['Dark Fantasy', 'Fantasy Epic', 'Teen Adventure', 'Teen Fantasy', 'Tragedy', 'Adventure', 'Family', 'Fantasy', 'Mystery']",['David Yates'],"['Daniel Radcliffe', 'Emma Watson', 'Rupert Grint']","$1,342,505,340",2 hours 10 minutes
Fargo,1996,8.1,762K,"['Cop Drama', 'Dark Comedy', 'Police Procedural', 'Tragedy', 'Crime', 'Drama', 'Thriller']",['Joel CoenEthan Coen'],"['William H. Macy', 'Frances McDormand', 'Steve Buscemi']","$60,611,975",1 hour 38 minutes
Warrior,2011,8.1,518K,"['Boxing', 'Action', 'Drama', 'Sport']","[""Gavin O'Connor""]","['Tom Hardy', 'Nick Nolte', 'Joel Edgerton']","$23,308,615",2 hours 20 minutes
Gran Torino,2008,8.1,844K,"['Dark Comedy', 'Psychological Drama', 'Drama']",['Clint Eastwood'],"['Clint Eastwood', 'Bee Vang', 'Christopher Carley']","$269,958,228",1 hour 56 minutes
Million Dollar Baby,2004,8.1,751K,"['Boxing', 'Psychological Drama', 'Tragedy', 'Drama', 'Sport']",['Clint Eastwood'],"['Hilary Swank', 'Clint Eastwood', 'Morgan Freeman']","$216,763,646",2 hours 12 minutes
Ben-Hur,1959,8.1,265K,"['Adventure Epic', 'Epic', 'Period Drama', 'Sword & Sandal', 'Adventure', 'Drama']",['William Wyler'],"['Charlton Heston', 'Jack Hawkins', 'Stephen Boyd']","$74,439,376",3 hours 32 minutes
Mad Max: Fury Road,2015,8.1,1.2M,"['Action Epic', 'Adventure Epic', 'Car Action', 'Desert Adventure', 'Dystopian Sci-Fi', 'Epic', 'Quest', 'Road Trip', 'Action', 'Adventure']",['George Miller'],"['Tom Hardy', 'Charlize Theron', 'Nicholas Hoult']","$380,437,267",2 hours
Tonari no Totoro,1988,8.1,413K,"['Anime', 'Fairy Tale', 'Hand-Drawn Animation', 'Iyashikei', 'Adventure', 'Animation', 'Comedy', 'Family', 'Fantasy']",['Hayao Miyazaki'],"['Hitoshi Takagi', 'Noriko Hidaka', 'Chika Sakamoto']","$30,434,809",1 hour 26 minutes
Barry Lyndon,1975,8.1,196K,"['Adventure Epic', 'Costume Drama', 'Dark Comedy', 'Epic', 'Globetrotting Adventure', 'Period Drama', 'Political Drama', 'Psychological Drama', 'Tragedy', 'Adventure']",['Stanley Kubrick'],"[""Ryan O'Neal"", 'Marisa Berenson', 'Patrick Magee']","$368,703",3 hours 5 minutes
Dead Poets Society,1989,8.1,599K,"['Coming-of-Age', 'Teen Drama', 'Comedy', 'Drama']",['Peter Weir'],"['Robin Williams', 'Robert Sean Leonard', 'Ethan Hawke']","$235,860,116",2 hours 8 minutes
Bacheha-ye aseman,1997,8.2,87K,"['Drama', 'Family', 'Sport']",['Majid Majidi'],"['Reza Naji', 'Amir Farrokh Hashemian', 'Bahare Seddiqi']","$933,933",1 hour 29 minutes
Hacksaw Ridge,2016,8.1,646K,"['Docudrama', 'Epic', 'Period Drama', 'War Epic', 'Biography', 'Drama', 'History', 'War']",['Mel Gibson'],"['Andrew Garfield', 'Sam Worthington', 'Luke Bracey']","$180,563,636",2 hours 19 minutes
Spider-Man: No Way Home,2021,8.2,966K,"['Superhero', 'Supernatural Fantasy', 'Urban Adventure', 'Action', 'Adventure', 'Fantasy', 'Sci-Fi']",['Jon Watts'],"['Tom Holland', 'Zendaya', 'Benedict Cumberbatch']","$1,921,426,073",2 hours 28 minutes
The Grand Budapest Hotel,2014,8.1,935K,"['Quirky Comedy', 'Comedy', 'Drama']",['Wes Anderson'],"['Ralph Fiennes', 'F. Murray Abraham', 'Mathieu Amalric']","$174,567,384",1 hour 39 minutes
12 Years a Slave,2013,8.1,769K,"['Costume Drama', 'Docudrama', 'Epic', 'Period Drama', 'Psychological Drama', 'Tragedy', 'Biography', 'Drama', 'History']",['Steve McQueen'],"['Chiwetel Ejiofor', 'Michael Kenneth Williams', 'Michael Fassbender']","$187,734,091",2 hours 14 minutes
Before Sunrise,1995,8.1,363K,"['Comedy', 'Drama', 'Romance']",['Richard Linklater'],"['Ethan Hawke', 'Julie Delpy', 'Andrea Eckert']","$6,572,057",1 hour 41 minutes
Blade Runner,1982,8.1,859K,"['Artificial Intelligence', 'Cyber Thriller', 'Cyberpunk', 'Dystopian Sci-Fi', 'Action', 'Drama', 'Sci-Fi', 'Thriller']",['Ridley Scott'],"['Harrison Ford', 'Rutger Hauer', 'Sean Young']","$41,767,218",1 hour 57 minutes
Salinui chueok,2003,8.1,247K,"['Dark Comedy', 'Police Procedural', 'Serial Killer', 'True Crime', 'Crime', 'Drama', 'Mystery', 'Thriller']",['Bong Joon Ho'],"['Song Kang-ho', 'Kim Sang-kyung', 'Kim Roe-ha']","$1,210,763",2 hours 11 minutes
Gone Girl,2014,8.1,1.1M,"['Erotic Thriller', 'Psychological Drama', 'Psychological Thriller', 'Suspense Mystery', 'Tragedy', 'Whodunnit', 'Drama', 'Mystery', 'Thriller']",['David Fincher'],"['Ben Affleck', 'Rosamund Pike', 'Neil Patrick Harris']","$370,890,259",2 hours 29 minutes
Ratatouille,2007,8.1,898K,"['Animal Adventure', 'Buddy Comedy', 'Computer Animation', 'Satire', 'Adventure', 'Animation', 'Comedy', 'Family', 'Fantasy']",['Brad BirdJan Pinkava'],"['Brad Garrett', 'Lou Romano', 'Patton Oswalt']","$623,732,061",1 hour 51 minutes
How to Train Your Dragon,2010,8.1,860K,"['Computer Animation', 'Sword & Sorcery', 'Teen Adventure', 'Teen Fantasy', 'Action', 'Adventure', 'Animation', 'Family', 'Fantasy']",['Dean DeBloisChris Sanders'],"['Jay Baruchel', 'Gerard Butler', 'Christopher Mintz-Plasse']","$494,879,860",1 hour 38 minutes
"Monsters, Inc.",2001,8.1,1M,"['Buddy Comedy', 'Computer Animation', 'Satire', 'Supernatural Fantasy', 'Urban Adventure', 'Adventure', 'Animation', 'Comedy', 'Family', 'Fantasy']",['Pete DocterDavid SilvermanLee Unkrich'],"['Billy Crystal', 'John Goodman', 'Mary Gibbs']","$579,771,043",1 hour 32 minutes
In the Name of the Father,1993,8.1,198K,"['Docudrama', 'Legal Drama', 'Period Drama', 'Prison Drama', 'Tragedy', 'True Crime', 'Biography', 'Crime', 'Drama']",['Jim Sheridan'],"['Daniel Day-Lewis', 'Pete Postlethwaite', 'Alison Crosbie']","$65,796,862",2 hours 13 minutes
Jaws,1975,8.1,708K,"['Monster Horror', 'Sea Adventure', 'Survival', 'Adventure', 'Horror', 'Thriller']",['Steven Spielberg'],"['Roy Scheider', 'Robert Shaw', 'Richard Dreyfuss']","$477,916,625",2 hours 4 minutes
Relatos salvajes,2014,8.1,231K,"['Dark Comedy', 'Comedy', 'Drama', 'Thriller']",['Damián Szifron'],"['Darío Grandinetti', 'María Marull', 'Mónica Villa']","$31,478,893",2 hours 2 minutes
The Gold Rush,1925,8.1,125K,"['Farce', 'Feel-Good Romance', 'Romantic Comedy', 'Satire', 'Slapstick', 'Adventure', 'Comedy', 'Drama', 'Romance', 'Western']",['Charles Chaplin'],"['Charles Chaplin', 'Mack Swain', 'Tom Murray']","$68,467",1 hour 35 minutes
Ford v Ferrari,2019,8.1,535K,"['Car Action', 'Docudrama', 'Motorsport', 'Period Drama', 'Action', 'Biography', 'Drama', 'Sport']",['James Mangold'],"['Matt Damon', 'Christian Bale', 'Jon Bernthal']","$226,299,480",2 hours 32 minutes
Sherlock Jr.,1924,8.1,63K,"['Bumbling Detective', 'Farce', 'Feel-Good Romance', 'Romantic Comedy', 'Slapstick', 'Action', 'Comedy', 'Romance']",['Buster Keaton'],"['Buster Keaton', 'Kathryn McGuire', 'Joe Keaton']",$399,45 minutes
Mary and Max.,2009,8.1,198K,"['Adult Animation', 'Coming-of-Age', 'Dark Comedy', 'Psychological Drama', 'Stop Motion Animation', 'Animation', 'Comedy', 'Drama']",['Adam Elliot'],"['Toni Collette', 'Philip Seymour Hoffman', 'Eric Bana']","$1,740,791",1 hour 32 minutes
Le salaire de la peur,1953,8.1,71K,"['Psychological Drama', 'Survival', 'Adventure', 'Drama', 'Thriller']",['Henri-Georges Clouzot'],"['Yves Montand', 'Charles Vanel', 'Peter van Eyck']","$22,326",2 hours 36 minutes
The Deer Hunter,1978,8.1,378K,"['Epic', 'War Epic', 'Drama', 'War']",['Michael Cimino'],"['Robert De Niro', 'Christopher Walken', 'John Cazale']","$49,080,312",3 hours 3 minutes
The General,1926,8.1,104K,"['Farce', 'Slapstick', 'Action', 'Adventure', 'Comedy', 'Drama', 'War']",['Clyde BruckmanBuster Keaton'],"['Buster Keaton', 'Marion Mack', 'Glen Cavender']","$1,344",1 hour 18 minutes
Mr. Smith Goes to Washington,1939,8.1,127K,"['Political Drama', 'Comedy', 'Drama']",['Frank Capra'],"['James Stewart', 'Jean Arthur', 'Claude Rains']","$146,123",2 hours 9 minutes
On the Waterfront,1954,8.1,174K,"['Legal Drama', 'Legal Thriller', 'Tragedy', 'Crime', 'Drama', 'Thriller']",['Elia Kazan'],"['Marlon Brando', 'Karl Malden', 'Lee J. Cobb']","$3,768",1 hour 48 minutes
Logan,2017,8.1,898K,"['Dystopian Sci-Fi', 'Road Trip', 'Superhero', 'Action', 'Drama', 'Sci-Fi', 'Thriller']",['James Mangold'],"['Hugh Jackman', 'Patrick Stewart', 'Dafne Keen']","$619,180,476",2 hours 17 minutes
Rocky,1976,8.1,666K,"['Boxing', 'Drama', 'Sport']",['John G. Avildsen'],"['Sylvester Stallone', 'Talia Shire', 'Burt Young']","$117,253,345",2 hours
Smultronstället,1957,8.1,122K,"['Psychological Drama', 'Drama', 'Romance']",['Ingmar Bergman'],"['Victor Sjöström', 'Bibi Andersson', 'Ingrid Thulin']","$81,070",1 hour 32 minutes
Tôkyô monogatari,1953,8.1,75K,"['Psychological Drama', 'Drama']",['Yasujirô Ozu'],"['Chishû Ryû', 'Chieko Higashiyama', 'Sô Yamamura']","$93,881",2 hours 17 minutes
The Third Man,1949,8.1,191K,"['Film Noir', 'Hard-boiled Detective', 'Whodunnit', 'Drama', 'Mystery', 'Thriller']",['Carol Reed'],"['Orson Welles', 'Joseph Cotten', 'Alida Valli']","$1,421,864",1 hour 44 minutes
Spotlight,2015,8.1,522K,"['Docudrama', 'Legal Drama', 'Period Drama', 'True Crime', 'Workplace Drama', 'Biography', 'Crime', 'Drama']",['Tom McCarthy'],"['Mark Ruffalo', 'Michael Keaton', 'Rachel McAdams']","$98,690,254",2 hours 9 minutes
Maharaja,2024,8.4,72K,"['One-Person Army Action', 'Action', 'Crime', 'Drama', 'Thriller']",['Nithilan Saminathan'],"['Vijay Sethupathi', 'Anurag Kashyap', 'Mamta Mohandas']","$975,543",2 hours 21 minutes
Pirates of the Caribbean: The Curse of the Black Pearl,2003,8.1,1.3M,"['Sea Adventure', 'Supernatural Fantasy', 'Swashbuckler', 'Sword & Sandal', 'Action', 'Adventure', 'Fantasy']",['Gore Verbinski'],"['Johnny Depp', 'Geoffrey Rush', 'Orlando Bloom']","$654,264,546",2 hours 23 minutes
The Terminator,1984,8.1,973K,"['Artificial Intelligence', 'Cyberpunk', 'Dystopian Sci-Fi', 'Time Travel', 'Urban Adventure', 'Action', 'Adventure', 'Sci-Fi']",['James Cameron'],"['Arnold Schwarzenegger', 'Linda Hamilton', 'Michael Biehn']","$78,371,200",1 hour 47 minutes
The Big Lebowski,1998,8.1,896K,"['Buddy Comedy', 'Drug Crime', 'Satire', 'Stoner Comedy', 'Comedy', 'Crime']",['Joel CoenEthan Coen'],"['Jeff Bridges', 'John Goodman', 'Julianne Moore']","$48,261,691",1 hour 57 minutes
La haine,1995,8.1,215K,"['Gangster', 'Psychological Drama', 'Crime', 'Drama']",['Mathieu Kassovitz'],"['Vincent Cassel', 'Hubert Koundé', 'Saïd Taghmaoui']","$762,618",1 hour 38 minutes
Det sjunde inseglet,1957,8.1,210K,"['Psychological Drama', 'Drama', 'Fantasy']",['Ingmar Bergman'],"['Max von Sydow', 'Gunnar Björnstrand', 'Bengt Ekerot']","$312,104",1 hour 36 minutes
Room,2015,8.1,471K,"['Psychological Drama', 'Drama', 'Thriller']",['Lenny Abrahamson'],"['Brie Larson', 'Jacob Tremblay', 'Sean Bridgers']","$35,402,766",1 hour 58 minutes
Jai Bhim,2021,8.6,228K,"['Legal Drama', 'Crime', 'Drama']",['T.J. Gnanavel'],"['Suriya', 'Lijo Mol Jose', 'Manikandan K.']",,2 hours 44 minutes
Hotel Rwanda,2004,8.1,386K,"['Docudrama', 'Epic', 'Biography', 'Drama', 'History', 'War']",['Terry George'],"['Don Cheadle', 'Sophie Okonedo', 'Joaquin Phoenix']","$33,882,243",2 hours 1 minute
Platoon,1986,8.1,460K,"['Drama', 'War']",['Oliver Stone'],"['Charlie Sheen', 'Tom Berenger', 'Willem Dafoe']","$138,546,255",2 hours
The Best Years of Our Lives,1946,8.1,75K,"['Epic', 'Feel-Good Romance', 'Drama', 'Romance', 'War']",['William Wyler'],"['Myrna Loy', 'Dana Andrews', 'Fredric March']","$23,667,133",2 hours 50 minutes
Before Sunset,2004,8.1,305K,"['Feel-Good Romance', 'Drama', 'Romance']",['Richard Linklater'],"['Ethan Hawke', 'Julie Delpy', 'Vernon Dobtcheff']","$16,506,532",1 hour 20 minutes
The Sound of Music,1965,8.1,279K,"['Classic Musical', 'Epic', 'Period Drama', 'Biography', 'Drama', 'Family', 'Musical', 'Romance']",['Robert Wise'],"['Julie Andrews', 'Christopher Plummer', 'Eleanor Parker']","$159,502,880",2 hours 52 minutes
The Exorcist,1973,8.1,482K,"['Body Horror', 'Psychological Drama', 'Psychological Horror', 'Supernatural Horror', 'Tragedy', 'Horror']",['William Friedkin'],"['Ellen Burstyn', 'Max von Sydow', 'Linda Blair']","$430,872,776",2 hours 2 minutes
The Incredibles,2004,8.0,864K,"['Computer Animation', 'Superhero', 'Action', 'Adventure', 'Animation', 'Family']",['Brad Bird'],"['Craig T. Nelson', 'Samuel L. Jackson', 'Holly Hunter']","$631,688,498",1 hour 55 minutes
Hachi: A Dog's Tale,2009,8.1,331K,"['Animal Adventure', 'Biography', 'Drama', 'Family']",['Lasse Hallström'],"['Richard Gere', 'Joan Allen', 'Cary-Hiroyuki Tagawa']","$46,749,646",1 hour 33 minutes
Rush,2013,8.1,541K,"['Docudrama', 'Motorsport', 'Period Drama', 'Biography', 'Drama', 'Sport']",['Ron Howard'],"['Daniel Brühl', 'Chris Hemsworth', 'Olivia Wilde']","$93,339,987",2 hours 3 minutes
The Wizard of Oz,1939,8.1,454K,"['Adventure Epic', 'Classic Musical', 'Fairy Tale', 'Fantasy Epic', 'Quest', 'Adventure', 'Family', 'Fantasy', 'Musical']",['Victor FlemingGeorge CukorNorman Taurog'],"['Judy Garland', 'Frank Morgan', 'Ray Bolger']","$25,637,669",1 hour 42 minutes
La passion de Jeanne d'Arc,1928,8.1,66K,"['Costume Drama', 'Legal Drama', 'Period Drama', 'Psychological Drama', 'Tragedy', 'Biography', 'Drama', 'History']",['Carl Theodor Dreyer'],"['Maria Falconetti', 'Eugene Silvain', 'André Berley']","$22,731",1 hour 50 minutes
Stand by Me,1986,8.1,469K,"['Coming-of-Age', 'Dark Comedy', 'Quest', 'Adventure', 'Comedy', 'Drama']",['Rob Reiner'],"['Wil Wheaton', 'River Phoenix', 'Corey Feldman']","$53,525,035",1 hour 29 minutes
Koe no katachi,2016,8.1,125K,"['Anime', 'Coming-of-Age', 'Hand-Drawn Animation', 'Psychological Drama', 'Shōnen', 'Slice of Life', 'Animation', 'Drama']",['Naoko Yamada'],"['Miyu Irino', 'Saori Hayami', 'Aoi Yûki']","$30,819,442",2 hours 10 minutes
Babam ve Oglum,2005,8.2,98K,"['Coming-of-Age', 'Political Drama', 'Drama', 'Family']",['Çagan Irmak'],"['Çetin Tekindor', 'Fikret Kuskan', 'Hümeyra']","$18,612,999",1 hour 52 minutes
The Iron Giant,1999,8.1,248K,"['Alien Invasion', 'Artificial Intelligence', 'Buddy Comedy', 'Hand-Drawn Animation', 'High-Concept Comedy', 'Kaiju', 'Space Sci-Fi', 'Action', 'Adventure', 'Animation']",['Brad Bird'],"['Eli Marienthal', 'Harry Connick Jr.', 'Jennifer Aniston']","$23,339,506",1 hour 26 minutes
Network,1976,8.1,181K,"['Dark Comedy', 'Workplace Drama', 'Drama']",['Sidney Lumet'],"['Faye Dunaway', 'William Holden', 'Peter Finch']","$23,701,317",2 hours 1 minute
Ah-ga-ssi,2016,8.1,191K,"['Dark Romance', 'Erotic Thriller', 'Psychological Thriller', 'Steamy Romance', 'Drama', 'Romance', 'Thriller']",['Park Chan-wook'],"['Kim Min-hee', 'Ha Jung-woo', 'Cho Jin-woong']","$37,863,670",2 hours 25 minutes
La battaglia di Algeri,1966,8.1,72K,"['Docudrama', 'Political Drama', 'Drama', 'War']",['Gillo Pontecorvo'],"['Brahim Hadjadj', 'Jean Martin', 'Yacef Saadi']","$962,002",2 hours 1 minute
The Grapes of Wrath,1940,8.1,106K,"['Period Drama', 'Tragedy', 'Drama']",['John Ford'],"['Henry Fonda', 'Jane Darwell', 'John Carradine']","$7,304",2 hours 9 minutes
To Be or Not to Be,1942,8.1,48K,"['Screwball Comedy', 'Comedy', 'Romance', 'War']",['Ernst Lubitsch'],"['Carole Lombard', 'Jack Benny', 'Robert Stack']","$4,578,000",1 hour 39 minutes
Into the Wild,2007,8.0,683K,"['Coming-of-Age', 'Docudrama', 'Road Trip', 'Survival', 'Tragedy', 'Adventure', 'Biography', 'Drama']",['Sean Penn'],"['Emile Hirsch', 'Vince Vaughn', 'Catherine Keener']","$56,676,733",2 hours 28 minutes
Groundhog Day,1993,8.0,722K,"['Feel-Good Romance', 'High-Concept Comedy', 'Holiday Comedy', 'Holiday Romance', 'Romantic Comedy', 'Comedy', 'Drama', 'Fantasy', 'Romance']",['Harold Ramis'],"['Bill Murray', 'Andie MacDowell', 'Chris Elliott']","$71,108,778",1 hour 41 minutes
The Help,2011,8.1,517K,"['Period Drama', 'Drama']",['Tate Taylor'],"['Viola Davis', 'Emma Stone', 'Octavia Spencer']","$221,802,186",2 hours 26 minutes
Gangs of Wasseypur,2012,8.2,109K,"['Gangster', 'Satire', 'True Crime', 'Action', 'Comedy', 'Crime', 'Drama', 'Thriller']",['Anurag Kashyap'],"['Manoj Bajpayee', 'Nawazuddin Siddiqui', 'Tigmanshu Dhulia']","$4,384,642",5 hours 21 minutes
Drishyam,2015,8.2,103K,"['Suspense Mystery', 'Crime', 'Drama', 'Mystery', 'Thriller']",['Nishikant Kamat'],"['Ajay Devgn', 'Shriya Saran', 'Tabu']",,2 hours 43 minutes
Gekijô-ban Kimetsu no Yaiba Mugen Ressha-hen,2020,8.2,87K,"['Adult Animation', 'Anime', 'Dark Fantasy', 'Hand-Drawn Animation', 'Shōnen', 'Superhero', 'Supernatural Fantasy', 'Sword & Sorcery', 'Action', 'Adventure']",['Haruo Sotozaki'],"['Natsuki Hanae', 'Akari Kitô', 'Yoshitsugu Matsuoka']","$485,541,995",1 hour 57 minutes
